Product ASIN,Seller Name,Prime Status,Condition
B00766UYDE,Roberts Pro Tools,Not Prime,New
B00766UYDE,Amazon,Prime,New
B00766UYDE,Hartville Hardware,Not Prime,New
B00766UYDE,Boilard Tools,Not Prime,New
B00766UYDE,"Sulphur Grove Tool, LLC",Not Prime,New
B00766UYDE,Toolmarts,Not Prime,New
B0017VL6XG,Amazon,Prime,New
B0017VL6XG,Hartville Hardware,Not Prime,New
B0017VL6XG,Toolmarts,Not Prime,New
B06XNNQBRT,Amazon,Prime,New
B06XNNQBRT,CT Power Tools,Not Prime,New
B002VGNFJY,Amazon,Prime,New
B002VGNFJY,US Tool & Fastener,Not Prime,New
B002VGNFJY,Hartville Hardware,Prime,New
B002VGNFJY,Boilard Tools,Not Prime,New
B002VGNFJY,Toolmarts,Not Prime,New
B002VGNFJY,SUPPLIES4PROS,Not Prime,New
B002VGNFJY,Woodcraft,Not Prime,New
B073S9SQB7,Amazon,Prime,"Used
         - Very Good"
B073S9SQB7,Amazon,Prime,New
B073S9SQB7,Beaver Industrial Supply Inc.,Not Prime,New
B073S9SQB7,Hartville Hardware,Not Prime,New
B073S9SQB7,Tool-Authority,Not Prime,New
B073S9SQB7,Toolmarts,Not Prime,New
B004INGNEC,Amazon,Prime,New
B004INGNEC,Hartville Hardware,Not Prime,New
B004INGNEC,Toolmarts,Not Prime,New
B005ISJE9M,US Tool & Fastener,Not Prime,New
B005ISJE9M,Amazon,Prime,New
B005ISJE9M,Boilard Tools,Not Prime,New
B005ISJE9M,Toolmarts,Not Prime,New
B00881FJSG,Amazon,Prime,"Used
         - Like New"
B00881FJSG,Amazon,Prime,New
B00881FJSG,CT Power Tools,Not Prime,New
B00881FJSG,Hartville Hardware,Not Prime,New
B00881FJSG,Toolmarts,Not Prime,New
B00881FJSG,SUPPLIES4PROS,Not Prime,New
B06XR8H56R,Amazon,Prime,New
B06XR8H56R,Beaver Industrial Supply Inc.,Not Prime,New
B06XR8H56R,Hartville Hardware,Not Prime,New
B075DVKGFR,Amazon,Prime,New
B075DVKGFR,Hartville Hardware,Not Prime,New
B075DVKGFR,Central Hardwoods,Not Prime,New
B0036V2HWO,Amazon,Prime,New
B0036V2HWO,Hartville Hardware,Not Prime,New
B0036V2HWO,Beaver Industrial Supply Inc.,Not Prime,New
B0036V2HWO,Toolmarts,Not Prime,New
B0036V2HWO,CT Power Tools,Not Prime,New
B01GTSYJNK,Amazon,Prime,New
B01GTSYJNK,Yellowhammer Tool Works,Not Prime,New
B01GTSYJNK,Hartville Hardware,Not Prime,New
B01GTSYJNK,SUPPLIES4PROS,Not Prime,New
B00EZT2ER4,Amazon,Prime,New
B00EZT2ER4,Yellowhammer Tool Works,Not Prime,New
B00EZT2ER4,Beaver Industrial Supply Inc.,Not Prime,New
B00EZT2ER4,CT Power Tools,Not Prime,New
B00EZT2ER4,Boilard Tools,Not Prime,New
B00EZT2ER4,OnTime Supply,Not Prime,New
B00EZT2ER4,Hartville Hardware,Prime,New
B00EZT2ER4,"Sulphur Grove Tool, LLC",Not Prime,New
B00EZT2ER4,Toolmarts,Not Prime,New
B00EZT2ER4,Central Hardwoods,Not Prime,New
B002VGTUHA,Routerbitworld,Prime,New
B002VGTUHA,Hartville Hardware,Prime,New
B002VGTUHA,"Sulphur Grove Tool, LLC",Not Prime,New
B002VGTUHA,Toolmarts,Not Prime,New
B002VGTUHA,SUPPLIES4PROS,Not Prime,New
B002VGTUHA,Amazon,Prime,New
B002VGTUHA,Central Hardwoods,Not Prime,New
B002VGTUHA,Glenco Woodworking Machinery,Not Prime,New
B00CN0SKVQ,Hartville Hardware,Prime,New
B00CN0SKVQ,SUPPLIES4PROS,Not Prime,New
B004TM9QJQ,Hartville Hardware,Prime,New
B07GBP4PPV,Amazon,Prime,"Used
         - Acceptable"
B07GBP4PPV,Amazon,Prime,New
B07GBP4PPV,SUPPLIES4PROS,Not Prime,New
B07GBP4PPV,Toolmarts,Not Prime,New
B075H4K9ZN,Amazon,Prime,"Used
         - Very Good"
B075H4K9ZN,Amazon,Prime,New
B075H4K9ZN,CT Power Tools,Not Prime,New
B075H4K9ZN,Hartville Hardware,Not Prime,New
B075H4K9ZN,Tool-Authority,Not Prime,New
B075H4K9ZN,Toolmarts,Not Prime,New
B073S9Y7NN,Amazon,Prime,New
B073S9Y7NN,CT Power Tools,Not Prime,New
B073S9Y7NN,Hartville Hardware,Not Prime,New
B073S9Y7NN,Toolmarts,Not Prime,New
B0014999B2,Amazon,Prime,New
B0014999B2,Boilard Tools,Not Prime,New
B0014999B2,Hartville Hardware,Not Prime,New
B0014999B2,Toolmarts,Not Prime,New
B0014999B2,Beaver Industrial Supply Inc.,Not Prime,New
B0014999B2,Glenco Woodworking Machinery,Not Prime,New
B003KN3U8I,Amazon,Prime,New
B003KN3U8I,Hartville Hardware,Not Prime,New
B003KN3U8I,Toolmarts,Not Prime,New
B003KN3U8I,Central Hardwoods,Not Prime,New
B0017VF1YG,Amazon,Prime,New
B0017VF1YG,Boilard Tools,Not Prime,New
B0017VF1YG,Hartville Hardware,Not Prime,New
B0017VF1YG,"Sulphur Grove Tool, LLC",Not Prime,New
B0017VF1YG,Tool-Authority,Not Prime,New
B0017VF1YG,Toolmarts,Not Prime,New
B0017VF1YG,Glenco Woodworking Machinery,Not Prime,New
B06XR8H34J,Amazon,Prime,New
B01CFNH9LW,Amazon,Prime,New
B01CFNH9LW,Tool-Authority,Not Prime,New
B01CFNH9LW,Toolmarts,Not Prime,New
B01CFNH9LW,Beaver Industrial Supply Inc.,Not Prime,New
B073S9FKX8,Amazon,Prime,New
B073S9FKX8,Hartville Hardware,Not Prime,New
B073S9FKX8,Toolmarts,Not Prime,New
B002VMX85E,Amazon,Prime,New
B002VMX85E,Hartville Hardware,Prime,New
B002VMX85E,Toolmarts,Not Prime,New
B073S8TZ4Y,Amazon,Prime,New
B073S8TZ4Y,Hartville Hardware,Not Prime,New
B073S8TZ4Y,Toolmarts,Not Prime,New
B003XW5FI4,Amazon,Prime,New
B003XW5FI4,Hartville Hardware,Prime,New
B003XW5FI4,Toolmarts,Not Prime,New
B004INGNII,Amazon,Prime,New
B004INGNII,Beaver Industrial Supply Inc.,Not Prime,New
B004INGNII,Hartville Hardware,Not Prime,New
B004INGNII,SUPPLIES4PROS,Not Prime,New
B004INGNII,"Sulphur Grove Tool, LLC",Not Prime,New
B004INGNII,Toolmarts,Not Prime,New
B004INGNII,Central Hardwoods,Not Prime,New
B004INGNII,Woodcraft,Not Prime,New
B079NLQF66,Amazon,Prime,New
B079NLQF66,Hartville Hardware,Prime,New
B079NLQF66,Beaver Industrial Supply Inc.,Not Prime,New
B079NLQF66,Tool-Authority,Not Prime,New
B079NLQF66,Toolmarts,Not Prime,New
B01M72PAAU,Beaver Industrial Supply Inc.,Not Prime,New
B01M72PAAU,Amazon,Prime,New
B01M72PAAU,Hartville Hardware,Prime,New
B01M72PAAU,Toolmarts,Not Prime,New
B004INGNGU,Amazon,Prime,New
B004INGNGU,CT Power Tools,Not Prime,New
B004INGNGU,Beaver Industrial Supply Inc.,Not Prime,New
B004INGNGU,Hartville Hardware,Not Prime,New
B004INGNGU,OnTime Supply,Not Prime,New
B004INGNGU,"Sulphur Grove Tool, LLC",Not Prime,New
B004INGNGU,Toolmarts,Not Prime,New
B004INGNGU,Central Hardwoods,Not Prime,New
B004INGNGU,SUPPLIES4PROS,Not Prime,New
B0017V9H1E,Amazon,Prime,New
B0017V9H1E,Beaver Industrial Supply Inc.,Not Prime,New
B0017V9H1E,Hartville Hardware,Not Prime,New
B0017V9H1E,Boilard Tools,Not Prime,New
B0017V9H1E,Central Hardwoods,Not Prime,New
B0017V9H1E,"Sulphur Grove Tool, LLC",Not Prime,New
B0017V9H1E,Toolmarts,Not Prime,New
B0017V9H1E,Glenco Woodworking Machinery,Not Prime,New
B003XW5ES0,Amazon,Prime,New
B003XW5ES0,Hartville Hardware,Prime,New
B003XW5ES0,US Tool & Fastener,Not Prime,New
B003XW5ES0,OnTime Supply,Not Prime,New
B003XW5ES0,Beaver Industrial Supply Inc.,Not Prime,New
B003XW5ES0,Toolmarts,Not Prime,New
B0017VFZX8,Amazon,Prime,New
B0017VFZX8,Boilard Tools,Not Prime,New
B0017VFZX8,Hartville Hardware,Not Prime,New
B0017VFZX8,SUPPLIES4PROS,Not Prime,New
B0017VFZX8,"Sulphur Grove Tool, LLC",Not Prime,New
B0017VFZX8,Tool-Authority,Not Prime,New
B0017VFZX8,Toolmarts,Not Prime,New
B0017VFZX8,Central Hardwoods,Not Prime,New
B002VMR3EQ,Amazon,Prime,New
B002VMR3EQ,Hartville Hardware,Prime,New
B002VMR3EQ,Toolmarts,Not Prime,New
B002VMR3EQ,SUPPLIES4PROS,Not Prime,New
B002VMR3EQ,Central Hardwoods,Not Prime,New
B01EA8L1PA,Hartville Hardware,Prime,New
B005HJXMAY,Amazon,Prime,New
B005HJXMAY,Hartville Hardware,Not Prime,New
B005HJXMAY,OnTime Supply,Not Prime,New
B005HJXMAY,Tool-Authority,Not Prime,New
B005HJXMAY,SUPPLIES4PROS,Not Prime,New
B005HJXMAY,"Sulphur Grove Tool, LLC",Not Prime,New
B005HJXMAY,Beaver Industrial Supply Inc.,Not Prime,New
B005HJXMAY,Toolmarts,Not Prime,New
B005HJXMAY,Central Hardwoods,Not Prime,New
B005HJXMAY,Woodcraft,Not Prime,New
B004INGNHY,Beaver Industrial Supply Inc.,Not Prime,New
B004INGNHY,Amazon,Prime,New
B004INGNHY,Hartville Hardware,Not Prime,New
B004INGNHY,"Sulphur Grove Tool, LLC",Not Prime,New
B004INGNHY,Toolmarts,Not Prime,New
B004INGNHY,SUPPLIES4PROS,Not Prime,New
B004INGNHY,Central Hardwoods,Not Prime,New
B00766WKBS,The Central Market,Not Prime,New
B00766WKBS,Bluepolars Incredible Food,Prime,New
B00766WKBS,Amazon,Prime,New
B00766WKBS,Beaver Industrial Supply Inc.,Not Prime,New
B00766WKBS,Hartville Hardware,Prime,New
B00766WKBS,Tool-Authority,Not Prime,New
B00766WKBS,"Sulphur Grove Tool, LLC",Not Prime,New
B00766WKBS,Toolmarts,Not Prime,New
B00766WKBS,Central Hardwoods,Not Prime,New
B00766WKBS,Woodcraft,Not Prime,New
B004INGNHE,Amazon,Prime,New
B004INGNHE,CT Power Tools,Not Prime,New
B004INGNHE,Beaver Industrial Supply Inc.,Not Prime,New
B004INGNHE,Hartville Hardware,Not Prime,New
B004INGNHE,"Sulphur Grove Tool, LLC",Not Prime,New
B004INGNHE,Toolmarts,Not Prime,New
B004INGNHE,SUPPLIES4PROS,Not Prime,New
B004INGNHE,Central Hardwoods,Not Prime,New
B004INGNHE,Woodcraft,Not Prime,New
B002T74XSC,Amazon,Prime,"Used
         - Good"
B002T74XSC,Amazon,Prime,New
B002T74XSC,Hartville Hardware,Not Prime,New
B002T74XSC,US Tool & Fastener,Not Prime,New
B002T74XSC,Boilard Tools,Not Prime,New
B002T74XSC,Toolmarts,Not Prime,New
B002T74XSC,Tool-Authority,Not Prime,New
B002T74XSC,Thomas Tool & Supply,Not Prime,New
B001U3219Y,Amazon,Prime,New
B001U3219Y,Hartville Hardware,Not Prime,New
B001U3219Y,Boilard Tools,Not Prime,New
B001U3219Y,Beaver Industrial Supply Inc.,Not Prime,New
B001U3219Y,Toolmarts,Not Prime,New
B001U3219Y,SUPPLIES4PROS,Not Prime,New
B001U3219Y,Central Hardwoods,Not Prime,New
B001U3219Y,"Sulphur Grove Tool, LLC",Not Prime,New
B003KN3TPW,HVACR Tool Supply,Not Prime,New
B003KN3TPW,Amazon,Prime,New
B003KN3TPW,Hartville Hardware,Prime,New
B003KN3TPW,Boilard Tools,Not Prime,New
B003KN3TPW,SUPPLIES4PROS,Not Prime,New
B003KN3TPW,"Sulphur Grove Tool, LLC",Not Prime,New
B003KN3TPW,Tool-Authority,Not Prime,New
B003KN3TPW,Toolmarts,Not Prime,New
B004INGN56,Amazon,Prime,New
B004INGN56,Hartville Hardware,Not Prime,New
B004INGN56,Tool-Authority,Not Prime,New
B004INGN56,"Sulphur Grove Tool, LLC",Not Prime,New
B004INGN56,Toolmarts,Not Prime,New
B004INGN60,Amazon,Prime,New
B004INGN60,Hartville Hardware,Not Prime,New
B004INGN60,"Sulphur Grove Tool, LLC",Not Prime,New
B004INGN60,Toolmarts,Not Prime,New
B004INGN60,Tool-Authority,Not Prime,New
B074NZVN6D,OnTime Supply,Not Prime,New
B0037MCEJI,Amazon,Prime,New
B0037MCEJI,Hartville Hardware,Not Prime,New
B0037MCEJI,SUPPLIES4PROS,Not Prime,New
B0037MCEJI,"Sulphur Grove Tool, LLC",Not Prime,New
B0037MCEJI,Beaver Industrial Supply Inc.,Not Prime,New
B0037MCEJI,Toolmarts,Not Prime,New
B0037MCEJI,Central Hardwoods,Not Prime,New
B017ZOH5FG,Amazon,Prime,New
B017ZOH5FG,US Tool & Fastener,Not Prime,New
B017ZOH5FG,Beaver Industrial Supply Inc.,Not Prime,New
B003KN3SNU,Amazon,Prime,New
B003KN3SNU,Hartville Hardware,Not Prime,New
B003KN3SNU,Toolmarts,Not Prime,New
B000LVFF12,Amazon,Prime,New
B000LVFF12,US Tool & Fastener,Not Prime,New
B000LVFF12,Hartville Hardware,Prime,New
B000LVFF12,Beaver Industrial Supply Inc.,Not Prime,New
B000LVFF12,Toolmarts,Not Prime,New
B004MD46J2,Amazon,Prime,New
B004MD46J2,Hartville Hardware,Not Prime,New
B004MD46J2,Boilard Tools,Not Prime,New
B004MD46J2,"Sulphur Grove Tool, LLC",Not Prime,New
B004MD46J2,Toolmarts,Not Prime,New
B004MD46J2,Central Hardwoods,Not Prime,New
B004MD46J2,SUPPLIES4PROS,Not Prime,New
B003ZX7UJ8,Amazon,Prime,New
B003ZX7UJ8,Hartville Hardware,Not Prime,New
B003ZX7UJ8,Toolmarts,Not Prime,New
B002VMX9EE,Amazon,Prime,New
B002VMX9EE,Routerbitworld,Prime,New
B002VMX9EE,Hartville Hardware,Not Prime,New
B002VMX9EE,"Sulphur Grove Tool, LLC",Not Prime,New
B002VMX9EE,Toolmarts,Not Prime,New
B002VMX9EE,Central Hardwoods,Not Prime,New
B07923X6KZ,Beaver Industrial Supply Inc.,Not Prime,New
B07923X6KZ,Hartville Hardware,Prime,New
B07923X6KZ,Toolmarts,Not Prime,New
B008813WMQ,CT Power Tools,Not Prime,New
B008813WMQ,Amazon,Prime,New
B008813WMQ,Hartville Hardware,Not Prime,New
B008813WMQ,Tool-Authority,Not Prime,New
B008813WMQ,Toolmarts,Not Prime,New
B073JW4BMC,Hartville Hardware,Prime,New
B073JW4BMC,Toolmarts,Not Prime,New
B073S8MFM9,Amazon,Prime,New
B073S8MFM9,Hartville Hardware,Not Prime,New
B073S8MFM9,SUPPLIES4PROS,Not Prime,New
B073S8MFM9,Central Hardwoods,Not Prime,New
B073S8MFM9,Boilard Tools,Not Prime,New
B073S8MFM9,Toolmarts,Not Prime,New
B073S8MFM9,Glenco Woodworking Machinery,Not Prime,New
B004MN9HQ4,Amazon,Prime,New
B004MN9HQ4,Hartville Hardware,Not Prime,New
B004MN9HQ4,Toolmarts,Not Prime,New
B004MN9HQ4,Central Hardwoods,Not Prime,New
B004MN9HQ4,SUPPLIES4PROS,Not Prime,New
B004MN9HQ4,"Sulphur Grove Tool, LLC",Not Prime,New
B002WHNSE4,Amazon,Prime,New
B002WHNSE4,Hartville Hardware,Not Prime,New
B002WHNSE4,Boilard Tools,Not Prime,New
B002WHNSE4,Tool-Authority,Not Prime,New
B002WHNSE4,Beaver Industrial Supply Inc.,Not Prime,New
B002WHNSE4,Toolmarts,Not Prime,New
B002WHNSE4,Glenco Woodworking Machinery,Not Prime,New
B00FKV8R68,Amazon,Prime,New
B00FKV8R68,All-Wall Equipment,Not Prime,New
B00FKV8R68,Hartville Hardware,Not Prime,New
B00FKV8R68,SUPPLIES4PROS,Not Prime,New
B00FKV8R68,Boilard Tools,Not Prime,New
B00FKV8R68,Toolmarts,Not Prime,New
B00FKV8R68,Tool-Authority,Not Prime,New
B00FKV8R68,Central Hardwoods,Not Prime,New
B0039X54NI,Amazon,Prime,New
B0039X54NI,Hartville Hardware,Not Prime,New
B0039X54NI,Toolmarts,Not Prime,New
B06X93Z34J,Amazon,Prime,"Used
         - Very Good"
B06X93Z34J,Amazon,Prime,New
B06X93Z34J,Beaver Industrial Supply Inc.,Not Prime,New
B07R7DWJKL,Amazon,Prime,"Used
         - Very Good"
B07R7DWJKL,Amazon,Prime,New
B07R7DWJKL,Hartville Hardware,Prime,New
B07R7DWJKL,Toolmarts,Not Prime,New
B004MD68LG,Hartville Hardware,Prime,New
B004MD68LG,Beaver Industrial Supply Inc.,Not Prime,New
B004MD68LG,Toolmarts,Not Prime,New
B073S8MZHZ,Amazon,Prime,New
B073S8MZHZ,Hartville Hardware,Not Prime,New
B073S8MZHZ,Toolmarts,Not Prime,New
B01LG5X180,Amazon,Prime,New
B01LG5X180,Beaver Industrial Supply Inc.,Not Prime,New
B00881EYMI,Amazon,Prime,New
B00881EYMI,CT Power Tools,Not Prime,New
B00881EYMI,Hartville Hardware,Not Prime,New
B00881EYMI,Tool-Authority,Not Prime,New
B00881EYMI,Toolmarts,Not Prime,New
B073S8Y46H,Amazon,Prime,New
B073S8Y46H,Hartville Hardware,Not Prime,New
B073S8Y46H,Toolmarts,Not Prime,New
B073S9JX4J,Amazon,Prime,New
B073S9JX4J,CT Power Tools,Not Prime,New
B073S9JX4J,Hartville Hardware,Not Prime,New
B073S9JX4J,Tool-Authority,Not Prime,New
B073S9JX4J,Toolmarts,Not Prime,New
B0017VF1SM,Amazon,Prime,New
B0017VF1SM,Hartville Hardware,Not Prime,New
B0017VF1SM,Beaver Industrial Supply Inc.,Not Prime,New
B0017VF1SM,Toolmarts,Not Prime,New
B0058HVGDK,Amazon,Prime,New
B0058HVGDK,Hartville Hardware,Not Prime,New
B0058HVGDK,Toolmarts,Not Prime,New
B004INGNK6,Amazon,Prime,New
B004INGNK6,Beaver Industrial Supply Inc.,Not Prime,New
B004INGNK6,Hartville Hardware,Not Prime,New
B004INGNK6,Toolmarts,Not Prime,New
B004INGNK6,Central Hardwoods,Not Prime,New
B073S9CXBX,Amazon,Prime,New
B073S9CXBX,Beaver Industrial Supply Inc.,Not Prime,New
B073S9CXBX,CT Power Tools,Not Prime,New
B073S9CXBX,Hartville Hardware,Not Prime,New
B073S9CXBX,Toolmarts,Not Prime,New
B073S9CXBX,Central Hardwoods,Not Prime,New
B073S9CXBX,"Sulphur Grove Tool, LLC",Not Prime,New
B004INGNL0,Amazon,Prime,New
B004INGNL0,CT Power Tools,Not Prime,New
B004INGNL0,Hartville Hardware,Not Prime,New
B004INGNL0,Toolmarts,Not Prime,New
B01L2SY572,Amazon,Prime,New
B01L2SY572,Beaver Industrial Supply Inc.,Not Prime,New
B01L2SY572,CT Power Tools,Not Prime,New
B01L2SY572,Hartville Hardware,Prime,New
B01L2SY572,Woodcraft,Not Prime,New
B003614KKQ,Amazon,Prime,New
B003614KKQ,Hartville Hardware,Not Prime,New
B003614KKQ,Toolmarts,Not Prime,New
B003614KKQ,CT Power Tools,Not Prime,New
B07RFMZDC9,Hartville Hardware,Prime,New
B07RFMZDC9,Glenco Woodworking Machinery,Not Prime,New
B07RFMZDC9,Beaver Industrial Supply Inc.,Not Prime,New
B004INGN4W,Amazon,Prime,New
B004INGN4W,Hartville Hardware,Not Prime,New
B004INGN4W,"Sulphur Grove Tool, LLC",Not Prime,New
B004INGN4W,Toolmarts,Not Prime,New
B00329GMRQ,Amazon,Prime,New
B00329GMRQ,Routerbitworld,Prime,New
B00329GMRQ,Hartville Hardware,Prime,New
B00329GMRQ,Beaver Industrial Supply Inc.,Not Prime,New
B00329GMRQ,Toolmarts,Not Prime,New
B00329GMRQ,SUPPLIES4PROS,Not Prime,New
B00329GMRQ,Boilard Tools,Not Prime,New
B00329GMRQ,Central Hardwoods,Not Prime,New
B0058HVG6C,Amazon,Prime,New
B0058HVG6C,Hartville Hardware,Not Prime,New
B0058HVG6C,Toolmarts,Not Prime,New
B008812VKK,CT Power Tools,Not Prime,New
B008812VKK,Amazon,Prime,New
B008812VKK,Hartville Hardware,Not Prime,New
B008812VKK,Tool-Authority,Not Prime,New
B008812VKK,Toolmarts,Not Prime,New
B008812VKK,Woodcraft,Not Prime,New
B073S8FL3T,Amazon,Prime,New
B073S8FL3T,Hartville Hardware,Not Prime,New
B073S8FL3T,Toolmarts,Not Prime,New
B073S8FL3T,Central Hardwoods,Not Prime,New
B073S8FL3T,CT Power Tools,Not Prime,New
B073S8FL3T,"Sulphur Grove Tool, LLC",Not Prime,New
B008BSFI9Q,Amazon,Prime,New
B008BSFI9Q,Hartville Hardware,Not Prime,New
B008BSFI9Q,Toolmarts,Not Prime,New
B003XW9BM0,Amazon,Prime,New
B003XW9BM0,OnTime Supply,Not Prime,New
B003XW9BM0,Hartville Hardware,Prime,New
B003XW9BM0,Tool-Authority,Not Prime,New
B003XW9BM0,Toolmarts,Not Prime,New
B073S8NVJR,Amazon,Prime,New
B073S8NVJR,Hartville Hardware,Not Prime,New
B073S8NVJR,Toolmarts,Not Prime,New
B004SJKQ9Y,Amazon,Prime,New
B004SJKQ9Y,Hartville Hardware,Not Prime,New
B004SJKQ9Y,Toolmarts,Not Prime,New
B004M99Q3M,Hartville Hardware,Prime,New
B00FA28U5U,Amazon,Prime,New
B00FA28U5U,Hartville Hardware,Not Prime,New
B00FA28U5U,All-Wall Equipment,Not Prime,New
B00FA28U5U,Toolmarts,Not Prime,New
B00FA28U5U,Central Hardwoods,Not Prime,New
B00FA28U5U,SUPPLIES4PROS,Not Prime,New
B00FA28U5U,Boilard Tools,Not Prime,New
B073S9LYYB,Amazon,Prime,New
B073S9LYYB,Hartville Hardware,Not Prime,New
B073S9LYYB,Toolmarts,Not Prime,New
B014V1TWXO,Bluepolars Incredible Food,Prime,New
B014V1TWXO,Amazon,Prime,New
B014V1TWXO,Hartville Hardware,Not Prime,New
B014V1TWXO,Toolmarts,Not Prime,New
B00JLP0YLK,Amazon,Prime,New
B00JLP0YLK,Hartville Hardware,Not Prime,New
B00JLP0YLK,Beaver Industrial Supply Inc.,Not Prime,New
B00JLP0YLK,Toolmarts,Not Prime,New
B00JLP0YLK,Central Hardwoods,Not Prime,New
B004MN9IK4,Amazon,Prime,New
B004MN9IK4,Hartville Hardware,Not Prime,New
B004MN9IK4,Beaver Industrial Supply Inc.,Not Prime,New
B004MN9IK4,Toolmarts,Not Prime,New
B004MN9IK4,Boilard Tools,Not Prime,New
B008O7VR6M,Beaver Industrial Supply Inc.,Not Prime,New
B008O7VR6M,Woodcraft,Not Prime,New
B0017VGFI2,Amazon,Prime,New
B0017VGFI2,Toolmarts,Not Prime,New
B003HLEFQ4,Amazon,Prime,New
B003HLEFQ4,Hartville Hardware,Not Prime,New
B003HLEFQ4,Toolmarts,Not Prime,New
B003HLEFQ4,Central Hardwoods,Not Prime,New
B004INGNGK,Amazon,Prime,New
B004INGNGK,Yellowhammer Tool Works,Not Prime,New
B004INGNGK,Hartville Hardware,Not Prime,New
B004INGNGK,Toolmarts,Not Prime,New
B004INGNGK,Central Hardwoods,Not Prime,New
B004INGNGK,"Sulphur Grove Tool, LLC",Not Prime,New
B004INGNGK,SUPPLIES4PROS,Not Prime,New
B073S9BNL6,Amazon,Prime,New
B073S9BNL6,Hartville Hardware,Not Prime,New
B073S9BNL6,Toolmarts,Not Prime,New
B00ASHRGCU,Amazon,Prime,New
B00ASHRGCU,CT Power Tools,Not Prime,New
B00ASHRGCU,OnTime Supply,Not Prime,New
B00ASHRGCU,Hartville Hardware,Not Prime,New
B00ASHRGCU,Toolmarts,Not Prime,New
B00ASHRGCU,Central Hardwoods,Not Prime,New
B00ASHRGCU,"Sulphur Grove Tool, LLC",Not Prime,New
B008BSFC74,Amazon,Prime,New
B008BSFC74,Hartville Hardware,Not Prime,New
B008BSFC74,Toolmarts,Not Prime,New
B00511AKDK,Amazon,Prime,New
B00511AKDK,Hartville Hardware,Not Prime,New
B00511AKDK,Toolmarts,Not Prime,New
B00511AKDK,Central Hardwoods,Not Prime,New
B004INGNDS,Amazon,Prime,New
B004INGNDS,Hartville Hardware,Not Prime,New
B004INGNDS,Toolmarts,Not Prime,New
B00881CB32,Amazon,Prime,New
B00881CB32,Hartville Hardware,Not Prime,New
B00881CB32,Tool-Authority,Not Prime,New
B00881CB32,Toolmarts,Not Prime,New
B00X7D2TCY,Hartville Hardware,Prime,New
B00X7D2TCY,"Sulphur Grove Tool, LLC",Not Prime,New
B00X7D2TCY,Toolmarts,Not Prime,New
B004INGNJC,Amazon,Prime,New
B004INGNJC,Beaver Industrial Supply Inc.,Not Prime,New
B004INGNJC,Hartville Hardware,Not Prime,New
B004INGNJC,Central Hardwoods,Not Prime,New
B004INGNJC,Toolmarts,Not Prime,New
